-- MySQL Script generated by MySQL Workbench
-- Tue Feb 19 16:38:41 2019
-- Model: New Model    Version: 1.0
-- MySQL Workbench Forward Engineering

SET @OLD_UNIQUE_CHECKS=@@UNIQUE_CHECKS, UNIQUE_CHECKS=0;
SET @OLD_FOREIGN_KEY_CHECKS=@@FOREIGN_KEY_CHECKS, FOREIGN_KEY_CHECKS=0;
SET @OLD_SQL_MODE=@@SQL_MODE, SQL_MODE='ONLY_FULL_GROUP_BY,STRICT_TRANS_TABLES,NO_ZERO_IN_DATE,NO_ZERO_DATE,ERROR_FOR_DIVISION_BY_ZERO,NO_ENGINE_SUBSTITUTION';

-- -----------------------------------------------------
-- Schema drs14c
-- -----------------------------------------------------
DROP SCHEMA IF EXISTS `drs14c` ;

-- -----------------------------------------------------
-- Schema drs14c
-- -----------------------------------------------------
CREATE SCHEMA IF NOT EXISTS `drs14c` DEFAULT CHARACTER SET utf8 ;
SHOW WARNINGS;
USE `drs14c` ;

-- -----------------------------------------------------
-- Table `drs14c`.`petstore`
-- -----------------------------------------------------
DROP TABLE IF EXISTS `drs14c`.`petstore` ;

SHOW WARNINGS;
CREATE TABLE IF NOT EXISTS `drs14c`.`petstore` (
  `pst_id` SMALLINT UNSIGNED NOT NULL AUTO_INCREMENT,
  `pst_name` VARCHAR(30) NOT NULL,
  `pst_street` VARCHAR(40) NOT NULL,
  `pst_city` VARCHAR(30) NOT NULL,
  `pst_state` CHAR(2) NOT NULL,
  `pst_zip` INT(9) NOT NULL,
  `pst_phone` BIGINT NOT NULL,
  `pst_email` VARCHAR(100) NOT NULL,
  `pst_url` VARCHAR(100) NOT NULL,
  `pst_ytd_sales` DECIMAL(10,2) NOT NULL,
  `pst_notes` VARCHAR(255) NULL,
  PRIMARY KEY (`pst_id`))
ENGINE = InnoDB;

SHOW WARNINGS;

-- -----------------------------------------------------
-- Table `drs14c`.`customer`
-- -----------------------------------------------------
DROP TABLE IF EXISTS `drs14c`.`customer` ;

SHOW WARNINGS;
CREATE TABLE IF NOT EXISTS `drs14c`.`customer` (
  `cus_id` SMALLINT UNSIGNED NOT NULL AUTO_INCREMENT,
  `cus_fname` VARCHAR(15) NOT NULL,
  `cus_lname` VARCHAR(30) NOT NULL,
  `cus_street` VARCHAR(30) NOT NULL,
  `cus_city` VARCHAR(30) NOT NULL,
  `cus_state` CHAR(2) NOT NULL,
  `cus_zip` INT NOT NULL,
  `cus_phone` BIGINT NOT NULL,
  `cus_email` VARCHAR(100) NOT NULL,
  `cus_balance` DECIMAL(6,2) NOT NULL,
  `cus_total_sales` DECIMAL(6,2) NOT NULL,
  `cus_notes` VARCHAR(255) NULL,
  PRIMARY KEY (`cus_id`))
ENGINE = InnoDB;

SHOW WARNINGS;

-- -----------------------------------------------------
-- Table `drs14c`.`pet`
-- -----------------------------------------------------
DROP TABLE IF EXISTS `drs14c`.`pet` ;

SHOW WARNINGS;
CREATE TABLE IF NOT EXISTS `drs14c`.`pet` (
  `pet_id` SMALLINT UNSIGNED NOT NULL AUTO_INCREMENT,
  `pst_id` SMALLINT UNSIGNED NOT NULL,
  `cus_id` SMALLINT UNSIGNED NULL,
  `pet_type` VARCHAR(45) NOT NULL,
  `pet_sex` ENUM('m', 'f') NOT NULL,
  `pet_cost` DECIMAL(6,2) UNSIGNED NOT NULL,
  `pet_price` DECIMAL(6,2) UNSIGNED NOT NULL,
  `pet_age` TINYINT UNSIGNED NOT NULL,
  `pet_color` VARCHAR(30) NOT NULL,
  `pet_sale_date` DATE NULL,
  `pet_vaccine` ENUM('y', 'n') NOT NULL,
  `pet_neuter` ENUM('y', 'n') NOT NULL,
  `pet_notes` VARCHAR(255) NULL,
  PRIMARY KEY (`pet_id`),
  INDEX `fk_pet_customer1_idx` (`cus_id` ASC) VISIBLE,
  CONSTRAINT `fk_pet_customer1`
    FOREIGN KEY (`cus_id`)
    REFERENCES `drs14c`.`customer` (`cus_id`)
    ON DELETE SET NULL
    ON UPDATE CASCADE,
  CONSTRAINT `fk_pet_petstore1`
    FOREIGN KEY (`pst_id`)
    REFERENCES `drs14c`.`petstore` (`pst_id`)
    ON DELETE CASCADE
    ON UPDATE CASCADE)
ENGINE = InnoDB;

SHOW WARNINGS;

SET SQL_MODE=@OLD_SQL_MODE;
SET FOREIGN_KEY_CHECKS=@OLD_FOREIGN_KEY_CHECKS;
SET UNIQUE_CHECKS=@OLD_UNIQUE_CHECKS;

-- -----------------------------------------------------
-- Data for table `drs14c`.`petstore`
-- -----------------------------------------------------
START TRANSACTION;
USE `drs14c`;
INSERT INTO `drs14c`.`petstore` (`pst_id`, `pst_name`, `pst_street`, `pst_city`, `pst_state`, `pst_zip`, `pst_phone`, `pst_email`, `pst_url`, `pst_ytd_sales`, `pst_notes`) VALUES (1, 'Quis LLC', '732-5842 Diam. Rd.', 'Portland', 'WA', 61044, 5513522926, 'a.tortor.Nunc@luctusaliquetodio.ca', 'nisi.Aenean@Aenean.com', 45570.11 , 'Lorem ipsum dolor sit amet, consectetuer adipiscing elit. Curabitur sed tortor. Integer aliquam adipiscing lacus. Ut nec');
INSERT INTO `drs14c`.`petstore` (`pst_id`, `pst_name`, `pst_street`, `pst_city`, `pst_state`, `pst_zip`, `pst_phone`, `pst_email`, `pst_url`, `pst_ytd_sales`, `pst_notes`) VALUES (2, 'Mi Lacinia Mattis Incorporated', 'P.O. Box 673, 5792 Sem. Ave', 'Chandler', 'WY', 96365, 4194938023, 'egestas.Duis@purus.com', 'dictum@enim.edu', 8769.80 , 'Lorem ipsum dolor sit amet, consectetuer adipiscing elit. Curabitur sed tortor. Integer aliquam');
INSERT INTO `drs14c`.`petstore` (`pst_id`, `pst_name`, `pst_street`, `pst_city`, `pst_state`, `pst_zip`, `pst_phone`, `pst_email`, `pst_url`, `pst_ytd_sales`, `pst_notes`) VALUES (3, 'Vel Faucibus Id Consulting', 'Ap #147-769 Luctus. Av.', 'Philadelphia', 'PA', 77222, 7784893668, 'tempor.diam.dictum@dolor.org', 'orci@atauctor.edu', 86185.88 , 'Lorem ipsum dolor sit amet, consectetuer adipiscing elit. Curabitur sed tortor. Integer aliquam adipiscing lacus. Ut nec urna et arcu imperdiet ullamcorper. Duis at lacus.');
INSERT INTO `drs14c`.`petstore` (`pst_id`, `pst_name`, `pst_street`, `pst_city`, `pst_state`, `pst_zip`, `pst_phone`, `pst_email`, `pst_url`, `pst_ytd_sales`, `pst_notes`) VALUES (4, 'Justo Sit Limited', 'P.O. Box 828, 2482 Ac Street', 'Dover', 'MA', 80568, 4398500083, 'lorem.sit@sedconsequat.co.uk', 'ultricies.adipiscing.enim@ametluctusvulputate.com', 22547.38 , 'Lorem ipsum dolor sit amet, consectetuer adipiscing elit. Curabitur sed tortor. Integer aliquam adipiscing lacus. Ut nec urna et arcu imperdiet');
INSERT INTO `drs14c`.`petstore` (`pst_id`, `pst_name`, `pst_street`, `pst_city`, `pst_state`, `pst_zip`, `pst_phone`, `pst_email`, `pst_url`, `pst_ytd_sales`, `pst_notes`) VALUES (5, 'Gravida Inc.', 'Ap #143-8923 Posuere, Street', 'Newport News', 'WI', 60266, 3947777944, 'nulla.vulputate@Proinvelnisl.edu', 'non.ante@felis.com', 2839.05 , 'Lorem ipsum dolor sit amet, consectetuer adipiscing elit. Curabitur sed tortor. Integer aliquam adipiscing lacus. Ut');
INSERT INTO `drs14c`.`petstore` (`pst_id`, `pst_name`, `pst_street`, `pst_city`, `pst_state`, `pst_zip`, `pst_phone`, `pst_email`, `pst_url`, `pst_ytd_sales`, `pst_notes`) VALUES (6, 'Eget Mollis Lectus Corp.', 'P.O. Box 579, 7386 Dui St.', 'Kailua', 'NE', 80832, 6187847524, 'urna.Nunc@magnisdis.net', 'Nulla@Namnullamagna.edu', 25762.55 , 'Lorem ipsum dolor sit amet, consectetuer adipiscing elit. Curabitur sed tortor. Integer aliquam adipiscing');
INSERT INTO `drs14c`.`petstore` (`pst_id`, `pst_name`, `pst_street`, `pst_city`, `pst_state`, `pst_zip`, `pst_phone`, `pst_email`, `pst_url`, `pst_ytd_sales`, `pst_notes`) VALUES (7, 'Purus Institute', '269-2855 Augue. Av.', 'Georgia', 'WY', 70528, 4058055606, 'Proin@anteipsumprimis.org', 'dui.Fusce.diam@orcitincidunt.co.uk', 14464.77 , 'Lorem ipsum dolor sit amet, consectetuer adipiscing elit. Curabitur sed tortor. Integer aliquam adipiscing');
INSERT INTO `drs14c`.`petstore` (`pst_id`, `pst_name`, `pst_street`, `pst_city`, `pst_state`, `pst_zip`, `pst_phone`, `pst_email`, `pst_url`, `pst_ytd_sales`, `pst_notes`) VALUES (8, 'Mauris Sapien Cursus PC', 'Ap #925-4023 Libero. Av.', 'Anchorage', 'MA', 87480, 3578017000, 'Duis.gravida@maurisblandit.com', 'magnis@adipiscingelitCurabitur.edu', 61114.96 , 'Lorem ipsum dolor sit amet, consectetuer');
INSERT INTO `drs14c`.`petstore` (`pst_id`, `pst_name`, `pst_street`, `pst_city`, `pst_state`, `pst_zip`, `pst_phone`, `pst_email`, `pst_url`, `pst_ytd_sales`, `pst_notes`) VALUES (9, 'Commodo Ipsum Incorporated', 'Ap #517-9326 At St.', 'Wilmington', 'IA', 74594, 4536039459, 'sed@ultricesVivamusrhoncus.org', 'ut.eros@et.net', 80197.88 , 'Lorem ipsum dolor sit amet, consectetuer adipiscing elit. Curabitur sed tortor. Integer aliquam adipiscing lacus. Ut');
INSERT INTO `drs14c`.`petstore` (`pst_id`, `pst_name`, `pst_street`, `pst_city`, `pst_state`, `pst_zip`, `pst_phone`, `pst_email`, `pst_url`, `pst_ytd_sales`, `pst_notes`) VALUES (10, 'Sit Corporation', '1797 Dolor. Avenue', 'Davenport', 'GA', 12863, 2765800107, 'semper.erat@nuncrisus.ca', 'consequat.auctor@PhasellusnullaInteger.net', 41059.29 , 'Lorem ipsum dolor sit amet, consectetuer adipiscing elit. Curabitur');

COMMIT;


-- -----------------------------------------------------
-- Data for table `drs14c`.`customer`
-- -----------------------------------------------------
START TRANSACTION;
USE `drs14c`;
INSERT INTO `drs14c`.`customer` (`cus_id`, `cus_fname`, `cus_lname`, `cus_street`, `cus_city`, `cus_state`, `cus_zip`, `cus_phone`, `cus_email`, `cus_balance`, `cus_total_sales`, `cus_notes`) VALUES (1, 'Edan', 'Perez', 'P.O. Box 334, 1338 Quis, Rd.', 'Portland', 'OR', 24719, 6574038531, 'est.mauris.rhoncus@posuerecubiliaCurae.org', 59.58 , 2.76 , 'Lorem ipsum dolor sit amet, consectetuer adipiscing elit.');
INSERT INTO `drs14c`.`customer` (`cus_id`, `cus_fname`, `cus_lname`, `cus_street`, `cus_city`, `cus_state`, `cus_zip`, `cus_phone`, `cus_email`, `cus_balance`, `cus_total_sales`, `cus_notes`) VALUES (2, 'Armand', 'Davis', 'P.O. Box 970, 6553 Eu, Street', 'Chandler', 'AZ', 85628, 8827540061, 'Suspendisse@arcuVestibulum.com', 56.12 , 98.20 , 'Lorem ipsum dolor sit amet, consectetuer adipiscing elit. Curabitur sed tortor. Integer aliquam adipiscing lacus. Ut');
INSERT INTO `drs14c`.`customer` (`cus_id`, `cus_fname`, `cus_lname`, `cus_street`, `cus_city`, `cus_state`, `cus_zip`, `cus_phone`, `cus_email`, `cus_balance`, `cus_total_sales`, `cus_notes`) VALUES (3, 'Cheyenne', 'Christian', '101-3273 Morbi Av.', 'Philadelphia', 'PA', 22255, 6504211461, 'molestie@lectuspedeultrices.ca', 30.70 , 47.22 , 'Lorem ipsum');
INSERT INTO `drs14c`.`customer` (`cus_id`, `cus_fname`, `cus_lname`, `cus_street`, `cus_city`, `cus_state`, `cus_zip`, `cus_phone`, `cus_email`, `cus_balance`, `cus_total_sales`, `cus_notes`) VALUES (4, 'Harlan', 'Pickett', 'Ap #929-390 Ullamcorper Rd.', 'Dover', 'DE', 89835, 3732194419, 'natoque.penatibus@ultrices.edu', 75.01 , 92.36 , 'Lorem ipsum dolor sit amet, consectetuer adipiscing elit. Curabitur');
INSERT INTO `drs14c`.`customer` (`cus_id`, `cus_fname`, `cus_lname`, `cus_street`, `cus_city`, `cus_state`, `cus_zip`, `cus_phone`, `cus_email`, `cus_balance`, `cus_total_sales`, `cus_notes`) VALUES (5, 'Sage', 'Ferguson', 'Ap #704-9231 Ante Rd.', 'Newport News', 'VA', 11307, 6212237120, 'sed.leo.Cras@neque.org', 7.88 , 11.42 , 'Lorem');
INSERT INTO `drs14c`.`customer` (`cus_id`, `cus_fname`, `cus_lname`, `cus_street`, `cus_city`, `cus_state`, `cus_zip`, `cus_phone`, `cus_email`, `cus_balance`, `cus_total_sales`, `cus_notes`) VALUES (6, 'Pascale', 'Rollins', 'Ap #581-6112 Nulla Road', 'Kailua', 'HI', 26721, 5543080079, 'Mauris.eu.turpis@nonjustoProin.co.uk', 4.27 , 15.24 , 'Lorem ipsum dolor sit amet, consectetuer adipiscing elit. Curabitur sed tortor. Integer aliquam adipiscing lacus. Ut nec urna');
INSERT INTO `drs14c`.`customer` (`cus_id`, `cus_fname`, `cus_lname`, `cus_street`, `cus_city`, `cus_state`, `cus_zip`, `cus_phone`, `cus_email`, `cus_balance`, `cus_total_sales`, `cus_notes`) VALUES (7, 'Ian', 'Frank', '2686 Aliquam St.', 'Georgia', 'GA', 88576, 7621015123, 'Suspendisse.tristique@Integervulputate.co.uk', 41.55 , 78.16 , 'Lorem ipsum dolor sit amet, consectetuer adipiscing elit. Curabitur sed tortor. Integer aliquam adipiscing');
INSERT INTO `drs14c`.`customer` (`cus_id`, `cus_fname`, `cus_lname`, `cus_street`, `cus_city`, `cus_state`, `cus_zip`, `cus_phone`, `cus_email`, `cus_balance`, `cus_total_sales`, `cus_notes`) VALUES (8, 'Giacomo', 'Giles', 'Ap #220-8745 Velit Av.', 'Anchorage', 'AK', 99898, 9251134917, 'vitae.diam.Proin@scelerisquelorem.net', 10.03 , 59.71 , 'Lorem ipsum dolor sit amet, consectetuer adipiscing elit. Curabitur sed tortor. Integer aliquam adipiscing lacus. Ut nec urna et arcu imperdiet');
INSERT INTO `drs14c`.`customer` (`cus_id`, `cus_fname`, `cus_lname`, `cus_street`, `cus_city`, `cus_state`, `cus_zip`, `cus_phone`, `cus_email`, `cus_balance`, `cus_total_sales`, `cus_notes`) VALUES (9, 'Cullen', 'Church', 'Ap #993-5683 Nulla. St.', 'Wilmington', 'DE', 97240, 1419917629, 'mollis@lorem.co.uk', 26.10 , 70.89 , 'Lorem ipsum dolor sit amet, consectetuer adipiscing elit. Curabitur sed tortor. Integer aliquam adipiscing lacus.');
INSERT INTO `drs14c`.`customer` (`cus_id`, `cus_fname`, `cus_lname`, `cus_street`, `cus_city`, `cus_state`, `cus_zip`, `cus_phone`, `cus_email`, `cus_balance`, `cus_total_sales`, `cus_notes`) VALUES (10, 'Daryl', 'Brown', '1200 Consequat, Ave', 'Davenport', 'IA', 84746, 7319644797, 'et.ultrices.posuere@ligulatortor.com', 56.23 , 17.65 , 'Lorem ipsum dolor sit amet, consectetuer adipiscing');

COMMIT;


-- -----------------------------------------------------
-- Data for table `drs14c`.`pet`
-- -----------------------------------------------------
START TRANSACTION;
USE `drs14c`;
INSERT INTO `drs14c`.`pet` (`pet_id`, `pst_id`, `cus_id`, `pet_type`, `pet_sex`, `pet_cost`, `pet_price`, `pet_age`, `pet_color`, `pet_sale_date`, `pet_vaccine`, `pet_neuter`, `pet_notes`) VALUES (1, 1, 1, 'Hamster', 'm', 17.97 , 9.48 , 8, 'yellow', '2016-09-16', 'n', 'n', 'Lorem ipsum dolor sit amet, consectetuer adipiscing elit. Curabitur sed tortor. Integer aliquam');
INSERT INTO `drs14c`.`pet` (`pet_id`, `pst_id`, `cus_id`, `pet_type`, `pet_sex`, `pet_cost`, `pet_price`, `pet_age`, `pet_color`, `pet_sale_date`, `pet_vaccine`, `pet_neuter`, `pet_notes`) VALUES (2, 2, 2, 'Cat', 'f', 5.93 , 82.18 , 9, 'white', '2019-07-04', 'n', 'y', 'Lorem ipsum dolor sit amet, consectetuer adipiscing elit.');
INSERT INTO `drs14c`.`pet` (`pet_id`, `pst_id`, `cus_id`, `pet_type`, `pet_sex`, `pet_cost`, `pet_price`, `pet_age`, `pet_color`, `pet_sale_date`, `pet_vaccine`, `pet_neuter`, `pet_notes`) VALUES (3, 3, 3, 'Snake', 'f', 87.97 , 23.21 , 4, 'white', '2005-03-24', 'y', 'n', 'Lorem ipsum dolor sit amet,');
INSERT INTO `drs14c`.`pet` (`pet_id`, `pst_id`, `cus_id`, `pet_type`, `pet_sex`, `pet_cost`, `pet_price`, `pet_age`, `pet_color`, `pet_sale_date`, `pet_vaccine`, `pet_neuter`, `pet_notes`) VALUES (4, 4, 4, 'Snake', 'f', 64.34 , 92.74 , 9, 'gray', '2011-10-15', 'y', 'y', 'Lorem ipsum dolor sit amet, consectetuer adipiscing elit. Curabitur sed tortor. Integer aliquam adipiscing lacus. Ut nec urna');
INSERT INTO `drs14c`.`pet` (`pet_id`, `pst_id`, `cus_id`, `pet_type`, `pet_sex`, `pet_cost`, `pet_price`, `pet_age`, `pet_color`, `pet_sale_date`, `pet_vaccine`, `pet_neuter`, `pet_notes`) VALUES (5, 5, 5, 'Fish', 'f', 84.78 , 73.65 , 1, 'tan', '2012-04-20', 'y', 'n', 'Lorem ipsum dolor sit amet, consectetuer');
INSERT INTO `drs14c`.`pet` (`pet_id`, `pst_id`, `cus_id`, `pet_type`, `pet_sex`, `pet_cost`, `pet_price`, `pet_age`, `pet_color`, `pet_sale_date`, `pet_vaccine`, `pet_neuter`, `pet_notes`) VALUES (6, 6, 6, 'Dog', 'f', 29.20 , 60.29 , 1, 'yellow', '2014-07-29', 'y', 'y', 'Lorem ipsum dolor sit amet, consectetuer adipiscing elit. Curabitur sed tortor. Integer aliquam adipiscing lacus. Ut');
INSERT INTO `drs14c`.`pet` (`pet_id`, `pst_id`, `cus_id`, `pet_type`, `pet_sex`, `pet_cost`, `pet_price`, `pet_age`, `pet_color`, `pet_sale_date`, `pet_vaccine`, `pet_neuter`, `pet_notes`) VALUES (7, 7, 7, 'Dog', 'm', 30.63 , 75.14 , 7, 'tan', '2014-08-17', 'y', 'n', 'Lorem ipsum dolor sit amet, consectetuer adipiscing');
INSERT INTO `drs14c`.`pet` (`pet_id`, `pst_id`, `cus_id`, `pet_type`, `pet_sex`, `pet_cost`, `pet_price`, `pet_age`, `pet_color`, `pet_sale_date`, `pet_vaccine`, `pet_neuter`, `pet_notes`) VALUES (8, 8, 8, 'Snake', 'm', 25.58 , 1.15 , 1, 'yellow', '2016-10-08', 'y', 'y', 'Lorem ipsum dolor sit amet, consectetuer adipiscing elit. Curabitur sed tortor. Integer aliquam adipiscing');
INSERT INTO `drs14c`.`pet` (`pet_id`, `pst_id`, `cus_id`, `pet_type`, `pet_sex`, `pet_cost`, `pet_price`, `pet_age`, `pet_color`, `pet_sale_date`, `pet_vaccine`, `pet_neuter`, `pet_notes`) VALUES (9, 9, 9, 'Snake', 'm', 9.14 , 20.81 , 5, 'gray', '2010-12-29', 'y', 'y', 'Lorem ipsum dolor sit amet,');
INSERT INTO `drs14c`.`pet` (`pet_id`, `pst_id`, `cus_id`, `pet_type`, `pet_sex`, `pet_cost`, `pet_price`, `pet_age`, `pet_color`, `pet_sale_date`, `pet_vaccine`, `pet_neuter`, `pet_notes`) VALUES (10, 10, 10, 'Cat', 'm', 22.28 , 88.74 , 8, 'blue', '2018-09-16', 'n', 'n', 'Lorem ipsum dolor sit amet,');

COMMIT;

